Genre,URL
Văn học hiện đại,https://nhanam.vn/van-hoc-hien-dai
Văn học kinh điển,https://nhanam.vn/van-hoc-kinh-dien
Văn học thiếu nhi,https://nhanam.vn/lich-su
Lãng mạn,https://nhanam.vn/lang-man
Kỳ ảo,https://nhanam.vn/ky-ao
Trinh thám - Kinh dị,https://nhanam.vn/trinh-tham-kinh-di
Khoa học Viễn tưởng,https://nhanam.vn/vien-tuong
Phiêu lưu ly kỳ,https://nhanam.vn/phieu-luu-ly-ky
Tản văn,https://nhanam.vn/tan-van
Truyện tranh (graphic novel),https://nhanam.vn/truyen-tranh-graphic-novel
Sách tranh (Picture book),https://nhanam.vn/sach-tranh-picture-book
Thơ - kịch,https://nhanam.vn/tho-kich
Light novel,https://nhanam.vn/light-novel
Sách tô màu,https://nhanam.vn/sach-to-mau
Triết học,https://nhanam.vn/triet-hoc
Sử học,https://nhanam.vn/lich-su-1
Khoa học,https://nhanam.vn/khoa-hoc
Kinh doanh,https://nhanam.vn/kinh-doanh
Kinh tế chính trị,https://nhanam.vn/kinh-te-chinh-tri
Kỹ năng,https://nhanam.vn/ky-nang
Nghệ thuật,https://nhanam.vn/nghe-thuat
Nuôi dạy con,https://nhanam.vn/nuoi-day-con
Tiểu luận - phê bình,https://nhanam.vn/tieu-luan-phe-binh
Tâm lý ứng dụng,https://nhanam.vn/phat-trien-ban-than
Tâm lý học,https://nhanam.vn/tam-ly-hoc
Hồi ký,https://nhanam.vn/hoi-ky
Y học - Sức khỏe,https://nhanam.vn/y-hoc-suc-khoe
Tâm linh - Tôn giáo,https://nhanam.vn/tam-linh-ton-giao
Kiến thức phổ thông,https://nhanam.vn/kien-thuc-pho-thong
Phong cách sống,https://nhanam.vn/phong-cach-song
0-5 tuổi,https://nhanam.vn/0-5-tuoi
6-8 tuổi,https://nhanam.vn/6-8-tuoi
9-12 tuổi,https://nhanam.vn/9-12-tuoi
13-15 tuổi,https://nhanam.vn/13-15-tuoi
Sách bán chạy,https://nhanam.vn/sach-ban-chay
Sách mới xuất bản,https://nhanam.vn/sach-moi-xuat-ban
Sách sắp xuất bản,https://nhanam.vn/sach-sap-xuat-ban
Sách được giải thưởng,https://nhanam.vn/sach-duoc-giai-thuong
Sách lật tương tác,https://nhanam.vn/sach-pop-up-lift-the-flaps
Nghiên cứu Việt Nam,https://nhanam.vn/sach-chu-de-dong-duong
Việt Nam danh tác,https://nhanam.vn/viet-nam-danh-tac
Tác giả Việt Nam,https://nhanam.vn/tac-gia-viet-nam
Bản đặc biệt,https://nhanam.vn/ban-dac-biet
Phụ kiện - Quà tặng,https://nhanam.vn/phu-kien-qua-tang
