Genre,URL
Khoa học viễn tưởng,https://nhanam.vn/vien-tuong
Trinh thám - Kinh dị,https://nhanam.vn/trinh-tham-kinh-di
Khoa học,https://nhanam.vn/khoa-hoc
Kinh doanh,https://nhanam.vn/kinh-doanh
Phiêu lưu ly kỳ,https://nhanam.vn/phieu-luu-ly-ky
Kinh tế - Chính trị,https://nhanam.vn/kinh-te-chinh-tri
Lãng mạn,https://nhanam.vn/lang-man
Nghệ thuật,https://nhanam.vn/nghe-thuat
Tâm linh - Tôn giáo,https://nhanam.vn/tam-linh-ton-giao
Thơ - Kịch,https://nhanam.vn/tho-kich
Văn học hiện đại,https://nhanam.vn/van-hoc-hien-dai
Tâm lý học,https://nhanam.vn/tam-ly-hoc